title,genre,platform,developer,publisher,fn_userscore_type,fn_userscore,fn_metascore_type,fn_metascore
Lady in a Leotard With a Gun,"Action, General",PlayStation 4,The Voices Games,The Voices Games,Mixed or average reviews,6.4,No score yet,nan
Dungeon Encounters,"Role-Playing, Japanese-Style",PlayStation 4,Square Enix,Square Enix,Mixed or average reviews,6.3,Generally favorable reviews,82
Hot Wheels Unleashed,"Racing, Arcade, Automobile",PlayStation 4,Milestone S.r.l,Koch Media,Mixed or average reviews,6.5,Mixed or average reviews,74
ActRaiser Renaissance,"Action Adventure, General",PlayStation 4,Square Enix,Square Enix,Mixed or average reviews,6.8,Mixed or average reviews,69
Crysis Remastered Trilogy,"Miscellaneous, Compilation",PlayStation 4,Crytek,Crytek,Mixed or average reviews,6.5,Mixed or average reviews,74
Blue Reflection: Second Light,"Role-Playing, Japanese-Style",PlayStation 4,Gust,Koei Tecmo Games,Mixed or average reviews,6.7,Generally favorable reviews,77
Demon Slayer: Kimetsu no Yaiba - The Hinokami Chronicles,"Action, Fighting, 3D",PlayStation 4,CyberConnect2,Sega,Mixed or average reviews,6.7,Mixed or average reviews,70
Castlevania Advance Collection,"Miscellaneous, Compilation",PlayStation 4,Konami,Konami,Mixed or average reviews,6.8,Generally favorable reviews,84
Nickelodeon All-Star Brawl,"Miscellaneous, Party / Minigame, Action, Fighting, 2D",PlayStation 4,Ludosity Interactive,GameMill Entertainment,Mixed or average reviews,6.8,No score yet,nan
Chernobylite,"Action Adventure, Survival",PlayStation 4,The Farm 51,The Farm 51,Mixed or average reviews,6.8,Mixed or average reviews,60
Crysis 2 Remastered,"Action, Shooter, First-Person, Arcade",PlayStation 4,Crytek,Crytek,Mixed or average reviews,6.5,No score yet,nan
Grand Theft Auto: The Trilogy - The Definitive Edition,"Miscellaneous, Compilation",PlayStation 4,Rockstar Games,Rockstar Games,Overwhelming dislike,0.8,No score yet,nan
FIFA 22,"Sports, Team, Soccer, Sim",Stadia,EA Canada,Electronic Arts,Overwhelming dislike,1.9,No score yet,nan
Far Cry 6,"Action Adventure, Open-World",Stadia,Ubisoft Toronto,Ubisoft,Generally unfavorable reviews,4.4,No score yet,nan
Riders Republic,"Sports, Individual, Other",Stadia,Ubisoft,Ubisoft,Mixed or average reviews,5.3,No score yet,nan
Chorus,"Simulation, Space, Combat",Stadia,Fishlabs,Deep Silver,Mixed or average reviews,6.8,No score yet,nan
My Friend Peppa Pig,"Adventure, General",Stadia,PETOONS STUDIO SL,Outright Games,Universal acclaim,9.0,No score yet,nan
Wavetale,"Action Adventure, General",Stadia,Zoink Games,Thunderful,Universal acclaim,9.1,No score yet,nan
Garena Free Fire MAX,"Action, Shooter, Third-Person, Tactical",iOS,GARENA INTERNATIONAL I PRIVATE LIMITED,GARENA INTERNATIONAL I PRIVATE LIMITED,Overwhelming dislike,0.0,No score yet,nan
Marvel's Guardians of the Galaxy,"Role-Playing, Action RPG, Action Adventure, Linear",PlayStation 5,Eidos Montreal,Square Enix,Generally favorable reviews,8.7,Generally favorable reviews,80
Oddworld: Soulstorm Enhanced Edition,"Action Adventure, General",Xbox Series X,Oddworld Inhabitants,Oddworld Inhabitants,Universal acclaim,9.6,Generally favorable reviews,83
eFootball 2022,"Sports, Team, Soccer, Sim",iOS,Konami,Konami,Overwhelming dislike,0.1,No score yet,nan
Final Fantasy VII The First Soldier,"Action, Shooter, Third-Person, Tactical",iOS,Square Enix,Square Enix,Generally unfavorable reviews,3.9,Mixed or average reviews,60
Pokemon UNITE,"Role-Playing, Strategy, Real-Time, Trainer, MOBA",iOS,Tencent,The Pokemon Company,Generally unfavorable reviews,3.9,No score yet,nan
Final Fantasy XIV: Endwalker,"Role-Playing, Massively Multiplayer",PC,Square Enix,Square Enix,Universal acclaim,9.5,No score yet,nan
Death's Gambit: Afterlife,"Role-Playing, Action RPG",PC,White Rabbit Interactive,Serenity Forge,Generally favorable reviews,8.7,Generally favorable reviews,82
Final Fantasy V Pixel Remaster,"Role-Playing, Japanese-Style",PC,Square Enix,Square Enix,Generally favorable reviews,8.8,Generally favorable reviews,82
Poppy Playtime,"Action Adventure, Survival",PC,MOB Games,MOB Games,Mixed or average reviews,7.0,No score yet,nan
Potion Craft,"Strategy, General",PC,niceplay games,niceplay games,Generally favorable reviews,8.0,No score yet,nan
Wytchwood,"Adventure, General",PC,Alientrap,Alientrap,Generally favorable reviews,8.0,No score yet,nan
Happy Game,"Adventure, General",PC,Amanita Design,Amanita Design,Generally favorable reviews,8.0,Generally favorable reviews,79
Dungeon Encounters,"Role-Playing, Japanese-Style",PC,Square Enix,Square Enix,Mixed or average reviews,7.0,No score yet,nan
Gamedec,"Action Adventure, Open-World, Role-Playing, General",PC,Anshar Studios,Anshar Studios,Mixed or average reviews,7.0,Mixed or average reviews,72
UnMetal,"Action Adventure, General",PC,@unepic_fran,@unepic_fran,Generally favorable reviews,8.1,Generally favorable reviews,82
Gloomhaven,"Strategy, Miscellaneous, Turn-Based, Board / Card Game, Tactics",PC,Flaming Fowl Studios,Asmodee,Generally favorable reviews,8.1,Generally favorable reviews,79
NEO: The World Ends With You,"Role-Playing, Action RPG",PC,Square Enix,Square Enix,Mixed or average reviews,6.3,Generally favorable reviews,85
Jurassic World Evolution 2,"Strategy, Management, Business / Tycoon",PC,Frontier Developments,Frontier Developments,Mixed or average reviews,6.4,Generally favorable reviews,77
Riders Republic,"Sports, Individual, Other",PC,Ubisoft,Ubisoft,Mixed or average reviews,6.5,Generally favorable reviews,78
Solar Ash,"Action Adventure, General",PC,Heart Machine,Annapurna Interactive,Mixed or average reviews,6.5,Generally favorable reviews,78
Super Monkey Ball: Banana Mania,"Miscellaneous, Compilation",PC,Sega,Sega,Mixed or average reviews,6.5,No score yet,nan
Crysis 3 Remastered,"Action, Shooter, First-Person, Arcade",PC,Crytek,Crytek,Mixed or average reviews,6.6,No score yet,nan
Tunche,"Action, Beat-'Em-Up, 2D",PC,LEAP Game Studios,LEAP Game Studios,Mixed or average reviews,6.6,Mixed or average reviews,67
F.I.S.T.: Forged In Shadow Torch,"Action Adventure, Open-World",PC,TIGAMES,bilibili,Mixed or average reviews,6.8,Generally favorable reviews,79
Time Loader,"Adventure, Puzzle, Action, General",PC,Flazm,Flazm,Mixed or average reviews,6.8,Generally favorable reviews,79
Agatha Christie - Hercule Poirot: The First Cases,"Adventure, General",PC,Blazing Griffin,Microids,Mixed or average reviews,6.9,No score yet,nan
Castlevania Advance Collection,"Miscellaneous, Compilation",PC,Konami,Konami,Mixed or average reviews,6.9,No score yet,nan
I Am Fish,"Action, General, Platformer, 3D",PC,Bossa Studios,Bossa Studios,Mixed or average reviews,6.9,Mixed or average reviews,69
Astria Ascending,"Role-Playing, Japanese-Style",PC,Artisan Studios,Dear Villagers,Mixed or average reviews,6.7,Mixed or average reviews,68
Nickelodeon All-Star Brawl,"Action, Fighting, 2D",PC,Ludosity Interactive,GameMill Entertainment,Mixed or average reviews,6.8,Mixed or average reviews,66
Grand Theft Auto: The Trilogy - The Definitive Edition,"Miscellaneous, Compilation",Switch,Rockstar Games,Rockstar Games,Overwhelming dislike,0.7,Generally unfavorable reviews,47
Forza Horizon 5,"Racing, Simulation, Automobile",PC,Playground Games,Xbox Game Studios,Mixed or average reviews,6.9,Universal acclaim,91
FIFA 22: Legacy Edition,"Sports, Team, Soccer, Sim",Switch,EA Canada,Electronic Arts,Overwhelming dislike,1.4,No score yet,nan
Halo Infinite,"Action, Shooter, First-Person, Arcade",PC,343 Industries,Microsoft Game Studios,Mixed or average reviews,7.0,Generally favorable reviews,82
Gas Station Simulator,"Simulation, Virtual, Career",PC,Drago Entertainment,Movie Games S.A.,Mixed or average reviews,7.0,Mixed or average reviews,70
Crysis Remastered Trilogy,"Miscellaneous, Compilation",PC,Crytek,Crytek,Mixed or average reviews,7.0,Generally favorable reviews,79
Popeye,"Action, Adventure, Platformer, Third-Person, 3D",Switch,Sabec Limited,Sabec Limited,Overwhelming dislike,0.0,No score yet,nan
Asterix & Obelix: Slap Them All!,"Action, Platformer, Beat-'Em-Up, 2D, 3D",Switch,Mr.  Nutz Studio,Microids,Generally unfavorable reviews,2.4,No score yet,nan
Diablo II: Resurrected,"Role-Playing, Action RPG",Switch,Blizzard Entertainment,Blizzard Entertainment,Generally unfavorable reviews,2.7,Generally favorable reviews,78
SkateBIRD,"Sports, Individual, Skate / Skateboard",Switch,Glass Bottom Games,Glass Bottom Games,Generally unfavorable reviews,3.0,Mixed or average reviews,53
Real Boxing 2,"Sports, Individual, Combat, Boxing / Martial Arts",Switch,Vivid Games,QubicGames,Generally unfavorable reviews,3.3,No score yet,nan
Pokemon Brilliant Diamond,"Role-Playing, Trainer",Switch,"ILCA, Inc.",Nintendo,Mixed or average reviews,5.5,Mixed or average reviews,74
Crysis 3 Remastered,"Action, Shooter, First-Person, Arcade",Switch,Crytek,Crytek,Mixed or average reviews,5.5,No score yet,nan
Crysis Remastered Trilogy,"Miscellaneous, Compilation",Switch,Crytek,Crytek,Mixed or average reviews,5.6,Generally favorable reviews,75
The Caligula Effect 2,"Role-Playing, General",Switch,historia Inc,NIS America,Mixed or average reviews,5.8,Generally favorable reviews,77
Just Dance 2022,"Action, Rhythm, Dancing",Switch,Ubisoft,Ubisoft,Mixed or average reviews,6.0,Mixed or average reviews,71
The Good Life,"Role-Playing, General",Switch,White Owls,Playism,Mixed or average reviews,6.2,Mixed or average reviews,50
Pokemon Shining Pearl,"Role-Playing, Trainer",Switch,"ILCA, Inc.",Nintendo,Mixed or average reviews,6.3,Mixed or average reviews,74
Nickelodeon All-Star Brawl,"Action, Miscellaneous, Fighting, Party / Minigame, 2D",Switch,Ludosity Interactive,GameMill Entertainment,Mixed or average reviews,6.3,Mixed or average reviews,67
Marvel's Guardians of the Galaxy,"Role-Playing, Action Adventure, Action RPG, Linear",Switch,Eidos Montreal,Square Enix,Mixed or average reviews,6.9,Mixed or average reviews,58
Unpacking,"Puzzle, Action, General",Switch,Witch Beam,Witch Beam,Mixed or average reviews,6.9,Generally favorable reviews,87
Unsighted,"Role-Playing, Action RPG",Switch,Studio Pixel Punk,Humble Games,Mixed or average reviews,7.0,Generally favorable reviews,88
Ruined King: A League of Legends Story,"Role-Playing, General",Switch,Airship Syndicate Entertainment,Riot Forge,Mixed or average reviews,7.2,Generally favorable reviews,83
TOEM,"Adventure, General",Switch,Something We Made,Something We Made,Mixed or average reviews,7.2,Generally favorable reviews,80
Ice Station Z,"Action Adventure, Open-World",Switch,Wobbly Tooth Ltd,Wobbly Tooth Ltd,Mixed or average reviews,7.3,No score yet,nan
Super Monkey Ball: Banana Mania,"Party / Minigame, Miscellaneous, Compilation",Switch,Sega,Sega,Generally favorable reviews,7.5,Generally favorable reviews,76
Beast Breaker,"Action Adventure, Adventure, General",Switch,Vodeo Games,Vodeo Games,Generally favorable reviews,7.5,No score yet,nan
Nexomon,"Role-Playing, Trainer",Switch,VEWO Interactive Inc.,PQube,Generally favorable reviews,7.5,Generally favorable reviews,79
Big Brain Academy: Brain vs. Brain,"Miscellaneous, Party / Minigame",Switch,Nintendo,Nintendo,Generally favorable reviews,7.6,Mixed or average reviews,72
Hot Wheels Unleashed,"Racing, Arcade, Automobile",Switch,Milestone S.r.l,Koch Media,Generally favorable reviews,7.6,Mixed or average reviews,73
Toree 2,"Action, Platformer, 3D",Switch,Diplodocus Games,Diplodocus Games,Generally favorable reviews,7.6,No score yet,nan
Animal Crossing: New Horizons - Happy Home Paradise,"Simulation, Virtual, Virtual Life",Switch,Nintendo,Nintendo,Generally favorable reviews,7.7,Generally favorable reviews,81
Shin Megami Tensei V,"Role-Playing, General",Switch,Atlus,Atlus,Generally favorable reviews,7.7,Generally favorable reviews,85
Danganronpa Decadence,"Miscellaneous, Compilation",Switch,Spike Chunsoft,Spike Chunsoft,Generally favorable reviews,7.8,Generally favorable reviews,85
ActRaiser Renaissance,"Action Adventure, General",Switch,Square Enix,Square Enix,Generally favorable reviews,7.8,Generally favorable reviews,75
Dungeon Encounters,"Role-Playing, Japanese-Style",Switch,Square Enix,Square Enix,Generally favorable reviews,7.8,Generally favorable reviews,80
Evil Tonight,"Action Adventure, Survival",Switch,DYA Games,DYA Games,Generally favorable reviews,7.8,No score yet,nan
Star Wars: Knights of the Old Republic,"Role-Playing, General, Western-Style",Switch,Aspyr,Aspyr,Generally favorable reviews,7.9,Generally favorable reviews,83
Eastward,"Role-Playing, General",Switch,Pixpil,Chucklefish,Generally favorable reviews,8.0,Generally favorable reviews,78
Hextech Mayhem: A League of Legends Story,"Action, Platformer, 2D",Switch,Choice Provisions,Riot Games,Generally favorable reviews,8.0,Mixed or average reviews,66
Crysis 2 Remastered,"Action, Shooter, First-Person, Arcade",Switch,Crytek,Crytek,Generally favorable reviews,8.0,No score yet,nan
Killsquad,"Role-Playing, Action RPG",PC,Novarama,Novarama,Mixed or average reviews,7.0,Mixed or average reviews,73
Football Manager 2022,"Sports, Team, Soccer, Management",PC,Sports Interactive,Sega,Mixed or average reviews,7.1,Generally favorable reviews,86
Super Auto Pets,"Strategy, General",PC,Team Wood Games,Team Wood Games,Mixed or average reviews,7.2,No score yet,nan
Eastward,"Role-Playing, General",PC,Pixpil,Chucklefish,Mixed or average reviews,7.2,Generally favorable reviews,82
Bright Memory: Infinite,"Action, First-Person, Shooter, Arcade",PC,FYQD-Studio,Playism,Mixed or average reviews,7.2,Mixed or average reviews,67
Sherlock Holmes: Chapter One,"Action Adventure, Adventure, General, Open-World",PC,Frogwares,Frogwares,Mixed or average reviews,7.2,Generally favorable reviews,78
Dagon: by H. P. Lovecraft,"Adventure, General",PC,Bit Golem,Bit Golem,Mixed or average reviews,7.2,No score yet,nan
Voice of Cards: The Isle Dragon Roars,"Strategy, Turn-Based, Card Battle",PC,Square Enix,Square Enix,Mixed or average reviews,7.3,No score yet,nan
Severed Steel,"Action, Shooter, First-Person, Arcade",PC,Greylock Studio,Digerati Distribution,Mixed or average reviews,6.3,Generally favorable reviews,76
Hextech Mayhem: A League of Legends Story,"Action, Platformer, 2D",PC,Choice Provisions,Riot Games,Mixed or average reviews,7.3,Mixed or average reviews,72
Lemnis Gate,"Action, Shooter, First-Person, Arcade",PC,Ratloop Games Canada,Ratloop Games Canada,Mixed or average reviews,7.4,Generally favorable reviews,78
Flynn: Son of Crimson,"Action, Platformer, 2D",PC,Studio Thunderhorse,Studio Thunderhorse,Mixed or average reviews,7.4,Generally favorable reviews,86
Fights in Tight Spaces,"Strategy, Turn-Based, Card Battle",PC,Ground Shatter Ltd.,Mode 7 Games,Mixed or average reviews,7.4,Generally favorable reviews,81
Demon Slayer: Kimetsu no Yaiba - The Hinokami Chronicles,"Action, Fighting, 3D",PC,CyberConnect2,Sega,Generally favorable reviews,7.5,No score yet,nan
Medieval Dynasty,"Action Adventure, Survival",PC,Render Cube,Toplitz Productions,Generally favorable reviews,7.5,Mixed or average reviews,73
Beast Breaker,"Action Adventure, Adventure, General",PC,Vodeo Games,Vodeo Games,Generally favorable reviews,7.6,No score yet,nan
ActRaiser Renaissance,"Action Adventure, General",PC,Square Enix,Square Enix,Generally favorable reviews,7.6,Generally favorable reviews,77
Exo One,"Simulation, Adventure, General, Space, Civilian",PC,Exbleative,Exbleative,Generally favorable reviews,7.6,Generally favorable reviews,81
AWAY: The Survival Series,"Action Adventure, Adventure, 3D, Open-World, First-Person",PC,Breaking Walls,Breaking Walls,Generally favorable reviews,7.6,Mixed or average reviews,52
Sable,"General, Action Adventure, Open-World",PC,Shed-Works,Raw Fury,Generally favorable reviews,7.6,Generally favorable reviews,76
GTFO,"Action, Shooter, First-Person, Tactical",PC,10 Chambers Collective,10 Chambers Collective,Generally favorable reviews,7.7,No score yet,nan
Against the Storm,"Strategy, General, Management, Government",PC,Eremite Games,Eremite Games,Generally favorable reviews,7.7,No score yet,nan
Unsighted,"Role-Playing, Action RPG",PC,Studio Pixel Punk,Studio Pixel Punk,Generally favorable reviews,7.7,Generally favorable reviews,84
The Last Stand: Aftermath,"Action, Action Adventure, Shooter, Linear, Shoot-'Em-Up, Top-Down",PC,Con Artist Games,Armor Games,Generally favorable reviews,7.7,Mixed or average reviews,74
Hourglass,"Adventure, General",PC,Cyberwave,Cyberwave,Generally favorable reviews,7.7,No score yet,nan
Alan Wake Remastered,"Action Adventure, Survival",PC,Remedy Entertainment,Epic Games,Generally favorable reviews,7.7,Generally favorable reviews,79
Unpacking,"Puzzle, Action, General",PC,Witch Beam,Witch Beam,Generally favorable reviews,7.8,Generally favorable reviews,83
Ruined King: A League of Legends Story,"Role-Playing, General",PC,Airship Syndicate Entertainment,Riot Forge,Generally favorable reviews,7.8,Generally favorable reviews,82
Archvale,"Action, Shooter, Shoot-'Em-Up, Top-Down",PC,idoz & phops,Humble Games,Generally favorable reviews,7.8,Generally favorable reviews,84
Age of Empires IV,"Strategy, Real-Time, Command",PC,Relic,Microsoft Game Studios,Generally favorable reviews,7.9,Generally favorable reviews,81
The Dark Pictures Anthology: House of Ashes,"Action Adventure, Survival",PC,Supermassive Games,Bandai Namco Games,Generally favorable reviews,7.9,Mixed or average reviews,73
Shadow Tactics: Blades of the Shogun - Aiko's Choice,"Strategy, Real-Time, Tactics",PC,Mimimi Productions,Daedalic Entertainment,Generally favorable reviews,7.9,Generally favorable reviews,83
Kena: Bridge of Spirits,"Action Adventure, General, Open-World",PC,Emberlab,Emberlab,Generally favorable reviews,7.9,Generally favorable reviews,83
Century: Age of Ashes,"Simulation, Flight, Combat",PC,Playwing,Playwing,Generally favorable reviews,8.0,No score yet,nan
Crysis 2 Remastered,"Action, Shooter, First-Person, Arcade",PC,Crytek,Crytek,Generally favorable reviews,8.0,No score yet,nan
SUCCUBUS,"Action, Action Adventure, General, Shooter, First-Person, Arcade",PC,Madmind Studio,Madmind Studio,Generally favorable reviews,8.0,No score yet,nan
In Sound Mind,"Adventure, 3D, First-Person",PC,We Create Stuff,Modus Games,Generally favorable reviews,8.0,Generally favorable reviews,75
Loop Hero,"Role-Playing, General",Switch,Four Quarters,Devolver Digital,Generally favorable reviews,8.0,Generally favorable reviews,83
The Binding of Isaac: Repentance,"Action, Shooter, Shoot-'Em-Up, Top-Down",Switch,Nicalis,Nicalis,Generally favorable reviews,8.0,No score yet,nan
Melty Blood: Type Lumina,"Action, Fighting, 2D",Switch,French-Bread,DELiGHTWORKS,Generally favorable reviews,8.1,No score yet,nan
Cruis'n Blast,"Racing, Arcade, Automobile",Switch,Raw Thrills,GameMill Entertainment,Generally favorable reviews,8.1,Mixed or average reviews,71
Tails of Iron,"Role-Playing, Action RPG",Switch,Odd Bug Studio,CI Games,Generally favorable reviews,8.1,Generally favorable reviews,80
Voice of Cards: The Isle Dragon Roars,"Strategy, Turn-Based, Card Battle",Switch,Square Enix,Square Enix,Generally favorable reviews,8.1,Generally favorable reviews,77
Flynn: Son of Crimson,"Action, Platformer, 2D",Switch,Studio Thunderhorse,Humble Games,Generally favorable reviews,8.1,No score yet,nan
Fatal Frame: Maiden of Black Water,"Action Adventure, Survival",Switch,Koei Tecmo Games,Koei Tecmo Games,Generally favorable reviews,8.2,Mixed or average reviews,73
Death's Gambit: Afterlife,"Role-Playing, Action RPG",Switch,White Rabbit Interactive,Serenity Forge,Generally favorable reviews,8.2,Generally favorable reviews,77
Undernauts: Labyrinth of Yomi,"Role-Playing, General",Switch,Experience Inc.,Aksys Games,Generally favorable reviews,8.2,Generally favorable reviews,85
Pokemon Brilliant Diamond / Pokemon Shining Pearl Double Pack,"Role-Playing, Trainer",Switch,"ILCA, Inc.",Nintendo,Generally favorable reviews,8.2,No score yet,nan
The Legend of Tian Ding,"Action, Platformer, Beat-'Em-Up, 2D",Switch,Neon Doctrine,Creative Games Computer Graphics Corporation,Generally favorable reviews,8.3,Generally favorable reviews,81
World War Z,"Action, Shooter, First-Person, Third-Person, Tactical",Switch,Saber Interactive,Saber Interactive,Generally favorable reviews,8.3,Mixed or average reviews,67
Dragon Ball Z: Kakarot + A New Power Awakens Set,"Role-Playing, Action RPG",Switch,CyberConnect2,Bandai Namco Games,Generally favorable reviews,8.3,Generally favorable reviews,78
UnMetal,"Action Adventure, General",Switch,@unepic_fran,Versus Evil,Generally favorable reviews,8.3,No score yet,nan
My Friend Peppa Pig,"Adventure, General",Switch,PETOONS STUDIO SL,Outright Games,Generally favorable reviews,8.3,No score yet,nan
Ghosts and Apples,"General, Puzzle",Switch,Rough Cyber Humans,7 Raven Studios,Generally favorable reviews,8.3,No score yet,nan
Tetris Effect: Connected,"Puzzle, Stacking",Switch,Monstars Inc.,Enhance Games,Generally favorable reviews,8.3,Universal acclaim,95
Blue Reflection: Second Light,"Role-Playing, Japanese-Style",Switch,Gust,Koei Tecmo Games,Generally favorable reviews,8.3,Generally favorable reviews,76
Ni no Kuni II: Revenant Kingdom - Prince's Edition,"Role-Playing, Japanese-Style",Switch,Level 5,Bandai Namco Games,Generally favorable reviews,8.4,Generally favorable reviews,80
Dying Light: Platinum Edition,"Action Adventure, Survival",Switch,Techland,Techland,Generally favorable reviews,8.4,Generally favorable reviews,78
Castlevania Advance Collection,"Miscellaneous, Compilation",Switch,Konami,Konami,Generally favorable reviews,8.4,Generally favorable reviews,83
Darksiders III,"Action Adventure, Open-World",Switch,Gunfire Games,THQ Nordic,Generally favorable reviews,8.4,Mixed or average reviews,59
Danganronpa S: Ultimate Summer Camp,"Miscellaneous, Party / Minigame",Switch,Spike Chunsoft,Spike Chunsoft,Generally favorable reviews,8.5,Mixed or average reviews,57
Mario Party Superstars,"Miscellaneous, Party / Minigame",Switch,Nintendo,Nintendo,Generally favorable reviews,8.5,Generally favorable reviews,79
Deltarune: Chapter 1 & 2,"Role-Playing, Japanese-Style",Switch,tobyfox,tobyfox,Generally favorable reviews,8.5,No score yet,nan
Joojee's Journey,"Adventure, General",Switch,Quantum Peaks,DigiPen Game Studios,Generally favorable reviews,8.7,No score yet,nan
The Legend of Tianding,"Platformer, Action, Beat-'Em-Up, 2D",PC,Neon Doctrine,Creative Games Computer Graphics Corporation,Generally favorable reviews,8.2,Generally favorable reviews,84
Hot Wheels Unleashed,"Racing, Arcade, Automobile",PC,Milestone S.r.l,Milestone S.r.l,Generally favorable reviews,8.2,Generally favorable reviews,78
Insomnis,"Adventure, 3D, First-Person",PC,Path Games,Gammera Nest,Generally favorable reviews,8.2,No score yet,nan
Blue Reflection: Second Light,"Role-Playing, Japanese-Style",PC,Gust,Koei Tecmo Games,Generally favorable reviews,8.2,Generally favorable reviews,76
One Pixel TWB,"Action, Platformer, 2D",PC,ireero,LineArt Games,Generally favorable reviews,8.3,No score yet,nan
Grow: Song of the Evertree,"Action Adventure, Sandbox",PC,Prideful Sloth,505 Games,Generally favorable reviews,8.3,Generally favorable reviews,79
SUPER CHICKEN JUMPER,"Adventure, General, Action, Platformer, 2D",PC,Sewer Cat,Sewer Cat,Generally favorable reviews,8.3,No score yet,nan
MADNESS: Project Nexus,"Action, Beat-'Em-Up, 3D",PC,"GIBBING TREE, LLC","GIBBING TREE, LLC",Generally favorable reviews,8.3,No score yet,nan
A Juggler's Tale,"Adventure, General",PC,Kaleidoscube,Mixtvision,Generally favorable reviews,8.4,Generally favorable reviews,76
Rainbow Billy: The Curse of the Leviathan,"Action, Action Adventure, General, Platformer, 2D",PC,ManaVoid Entertainment Inc.,ManaVoid Entertainment Inc.,Generally favorable reviews,8.4,Generally favorable reviews,82
Lone Echo II,"Action Adventure, General",PC,Ready at Dawn,Oculus Studios,Generally favorable reviews,8.4,Generally favorable reviews,78
Let's Build a Zoo,"Strategy, Management, Business / Tycoon",PC,Springloaded,No More Robots,Generally favorable reviews,8.4,Generally favorable reviews,78
Crab Game,"Action, Miscellaneous, General, Party / Minigame",PC,Dani,Dani,Generally favorable reviews,8.4,No score yet,nan
Tails of Iron,"Role-Playing, Action RPG",PC,Odd Bug Studio,United Label,Generally favorable reviews,8.4,Generally favorable reviews,80
Outer Wilds: Echoes of the Eye,"Action Adventure, Open-World",PC,"Mobius Digital, LLC",Annapurna Interactive,Generally favorable reviews,8.5,Generally favorable reviews,83
Impostor Factory,"Adventure, General",PC,Freebird Games,Freebird Games,Generally favorable reviews,8.5,Generally favorable reviews,80
Aeon Drive,"Action, Platformer, 2D",PC,2Awesome Studio,2Awesome Studio,Generally favorable reviews,8.5,Generally favorable reviews,77
Marvel's Guardians of the Galaxy,"Role-Playing, Action Adventure, Action RPG, Linear",PC,Eidos Montreal,Square Enix,Generally favorable reviews,8.5,Generally favorable reviews,78
Destiny's Plan,"Adventure, General, Visual Novel",PC,Carel,Carel,Generally favorable reviews,8.5,No score yet,nan
The Riftbreaker,"Role-Playing, Action RPG",PC,EXOR Studios,EXOR Studios,Generally favorable reviews,8.6,Generally favorable reviews,83
Resident Evil 4 VR (Oculus Quest 2),"Action Adventure, Survival",PC,Armature Studio,Capcom,Generally favorable reviews,8.6,Generally favorable reviews,85
Gazmatera 2 America's Least Wanted,"Action, Third-Person, Shooter, Arcade",PC,Katapult (Digital),Katapult (Digital),Generally favorable reviews,8.6,No score yet,nan
The Eternal Cylinder,"Action Adventure, Open-World",PC,ACE Team,Good Shepherd Entertainment,Generally favorable reviews,8.6,Generally favorable reviews,83
Pronty: Fishy Adventure,"Action, Platformer, 2D",PC,18Light Game Ltd.,18Light Game Ltd.,Generally favorable reviews,8.6,No score yet,nan
Star Shift Origins,"Role-Playing, Strategy, General, Japanese-Style",PC,Psychronic Game Studios,Psychronic Game Studios,Generally favorable reviews,8.7,No score yet,nan
Deltarune: Chapter 2,"Role-Playing, Japanese-Style",PC,tobyfox,tobyfox,Generally favorable reviews,8.7,No score yet,nan
WorldBox - God Simulator,"Strategy, Action Adventure, Management, Sandbox, Government",PC,Maxim Karpenko,Maxim Karpenko,Generally favorable reviews,8.8,No score yet,nan
Melty Blood: Type Lumina,"Action, Fighting, 2D",PC,French-Bread,DELiGHTWORKS,Generally favorable reviews,8.8,No score yet,nan
Kid A MNESIA Exhibition,"Adventure, 3D, First-Person",PC,namethemachine,Epic Games,Generally favorable reviews,8.8,No score yet,nan
After the Fall,"Action, Shooter, First-Person, Arcade",PC,Vertigo Games,Vertigo Games,Generally favorable reviews,8.8,No score yet,nan
My Friend Peppa Pig,"Adventure, General",PC,PETOONS STUDIO SL,Outright Games,Generally favorable reviews,8.9,No score yet,nan
eFootball 2022,"Sports, Team, Soccer, Sim",Xbox Series X,Konami,Konami,Overwhelming dislike,0.6,No score yet,nan
Grand Theft Auto: The Trilogy - The Definitive Edition,"Miscellaneous, Compilation",Xbox Series X,Rockstar Games,Rockstar Games,Overwhelming dislike,0.7,Mixed or average reviews,56
Disciples: Liberation,"Strategy, Turn-Based, General",Xbox Series X,Frima Studio,Kalypso,Generally unfavorable reviews,2.2,No score yet,nan
Battlefield 2042,"Action, Shooter, First-Person, Tactical",Xbox Series X,EA DICE,Electronic Arts,Generally unfavorable reviews,2.3,Mixed or average reviews,64
Monster Rancher 1 & 2 DX,"Miscellaneous, Compilation",PC,Koei Tecmo Games,Koei Tecmo Games,Generally favorable reviews,8.8,Mixed or average reviews,59
TOEM,"Adventure, General",PC,Something We Made,Something We Made,Generally favorable reviews,8.8,Generally favorable reviews,79
Inscryption,"Strategy, Turn-Based, Card Battle",PC,Daniel Mullins Games,Devolver Digital,Generally favorable reviews,8.9,Generally favorable reviews,85
Death's Door,"Action Adventure, General",Switch,Acid Nerve,Devolver Digital,Generally favorable reviews,8.5,Generally favorable reviews,88
DUSK,"Action, Shooter, First-Person, Arcade",Switch,New Blood Interactive,New Blood Interactive,Generally favorable reviews,8.6,Generally favorable reviews,88
Hoa,"Action, Platformer, 2D",Switch,Skrollcat Studios,PM Studios Inc.,Generally favorable reviews,8.6,Mixed or average reviews,69
Metroid Dread,"Action Adventure, Open-World",Switch,Mercury Steam,Nintendo,Generally favorable reviews,8.7,Generally favorable reviews,88
Disco Elysium: The Final Cut,"Role-Playing, General",Switch,ZA/UM,ZA/UM,Generally favorable reviews,8.8,Generally favorable reviews,85
Unsighted,"Role-Playing, Action RPG",Xbox One,Studio Pixel Punk,Humble Games,Mixed or average reviews,7.3,Generally favorable reviews,87
Unpacking,"Puzzle, Action, General",Xbox One,Witch Beam,Humble Games,Mixed or average reviews,7.4,Generally favorable reviews,81
Chernobylite,"Action Adventure, Survival",Xbox One,The Farm 51,All in! Games,Generally favorable reviews,7.8,Generally favorable reviews,82
Insurgency: Sandstorm,"Strategy, General",Xbox One,New World Interactive,Focus Home Interactive,Generally favorable reviews,8.2,Generally favorable reviews,82
Jurassic World Evolution 2,"Strategy, Management, Business / Tycoon",Xbox One,Frontier Developments,Frontier Developments,Generally favorable reviews,8.7,Generally favorable reviews,81
The Dark Pictures Anthology: House of Ashes,"Action Adventure, Survival",PlayStation 5,Supermassive Games,Bandai Namco Games,Generally favorable reviews,7.7,Mixed or average reviews,72
Alan Wake Remastered,"Action Adventure, Survival",PlayStation 5,Remedy Entertainment,Epic Games,Generally favorable reviews,7.7,Generally favorable reviews,79
Kena: Bridge of Spirits,"Open-World, Action Adventure, General",PlayStation 5,Emberlab,Emberlab,Generally favorable reviews,8.5,Generally favorable reviews,80
Lost Judgment,"Action Adventure, Open-World",PlayStation 5,SegaSoft,SegaSoft,Generally favorable reviews,8.7,Generally favorable reviews,82
FIFA 22,"Sports, Team, Soccer, Sim",Xbox Series X,EA Canada,Electronic Arts,Generally unfavorable reviews,2.6,Generally favorable reviews,78
Phoenix Point: Behemoth Edition,"Strategy, Turn-Based, Tactics",Xbox Series X,Snapshot Games Inc.,Koch Media,Generally unfavorable reviews,2.9,No score yet,nan
The Elder Scrolls V: Skyrim Anniversary Edition,"Role-Playing, Western-Style",Xbox Series X,Bethesda Game Studios,Bethesda Softworks,Generally unfavorable reviews,3.1,Generally favorable reviews,82
Diablo II: Resurrected,"Role-Playing, Action RPG",Xbox Series X,Blizzard Entertainment,Activision,Generally unfavorable reviews,3.4,Generally favorable reviews,80
Life is Strange: True Colors - Wavelengths,"Action Adventure, General",Xbox Series X,Deck Nine Games,Square Enix,Generally unfavorable reviews,4.5,No score yet,nan
Aragami 2,"Action Adventure, General",Xbox Series X,Lince Works,Merge Games,Mixed or average reviews,5.0,Mixed or average reviews,74
Demon Slayer: Kimetsu no Yaiba - The Hinokami Chronicles,"Action, Fighting, 3D",Xbox Series X,CyberConnect2,Sega,Mixed or average reviews,5.2,Generally favorable reviews,82
I Am Fish,"Action, General, Platformer, 3D",Xbox Series X,Bossa Studios,Curve Digital,Mixed or average reviews,5.6,Mixed or average reviews,68
Lemnis Gate,"Action, Shooter, First-Person, Arcade",Xbox Series X,Ratloop Games Canada,Frontier Foundry,Generally unfavorable reviews,4.0,Generally favorable reviews,78
NHL 22,"Sports, Team, Ice Hockey, Sim",Xbox Series X,Electronic Arts,Electronic Arts,Generally unfavorable reviews,4.3,Mixed or average reviews,74
Far Cry 6,"Action Adventure, Open-World",Xbox Series X,Ubisoft Toronto,Ubisoft,Generally unfavorable reviews,4.7,Generally favorable reviews,80
Call of Duty: Vanguard,"Action, Shooter, First-Person, Tactical",Xbox Series X,Sledgehammer Games,Activision,Generally unfavorable reviews,4.8,Mixed or average reviews,74
Sherlock Holmes: Chapter One,"Action Adventure, Adventure, General, Open-World",Xbox Series X,Frogwares,Frogwares,Mixed or average reviews,6.9,Mixed or average reviews,74
Riders Republic,"Sports, Individual, Other",Xbox Series X,Ubisoft,Ubisoft,Mixed or average reviews,5.8,Generally favorable reviews,79
Exo One,"Simulation, Adventure, General, Space, Civilian",Xbox Series X,Exbleative,Future Friends Games,Mixed or average reviews,6.9,Generally favorable reviews,78
Fatal Frame: Maiden of Black Water,"Action Adventure, Survival",Xbox Series X,Koei Tecmo Games,Koei Tecmo Games,Mixed or average reviews,7.1,Mixed or average reviews,60
Sable,"Action, General, Action Adventure, Open-World",Xbox Series X,Shed-Works,Raw Fury,Mixed or average reviews,6.4,Mixed or average reviews,71
Jurassic World Evolution 2,"Strategy, Management, Business / Tycoon",Xbox Series X,Frontier Developments,Frontier Developments,Mixed or average reviews,6.7,Mixed or average reviews,74
Back 4 Blood,"Action, Shooter, First-Person, Arcade",Xbox Series X,Turtle Rock Studios,Warner Bros. Games,Mixed or average reviews,6.7,Mixed or average reviews,74
Nickelodeon All-Star Brawl,"Action, Miscellaneous, Fighting, Party / Minigame, 2D",Xbox Series X,Ludosity Interactive,GameMill Entertainment,Mixed or average reviews,6.9,Mixed or average reviews,71
Disco Elysium: The Final Cut,"Role-Playing, General",Xbox Series X,ZA/UM,iam8bit,Mixed or average reviews,7.2,Universal acclaim,92
Serious Sam 4: Planet Badass,"Action, Shooter, First-Person, Arcade",Xbox Series X,Croteam,Devolver Digital,Mixed or average reviews,7.2,No score yet,nan
The Riftbreaker,"Role-Playing, Action RPG",Xbox Series X,Maximum Games,Maximum Games,Generally favorable reviews,7.5,Generally favorable reviews,80
Echo Generation,"Strategy, Turn-Based, General",Xbox Series X,Cococucumber,Cococucumber,Generally favorable reviews,7.5,Generally favorable reviews,75
The Dark Pictures Anthology: House of Ashes,"Action Adventure, Survival",Xbox Series X,Supermassive Games,Bandai Namco Games,Generally favorable reviews,7.6,Mixed or average reviews,74
Chorus,"Simulation, Space, Combat",Xbox Series X,Fishlabs,Deep Silver,Generally favorable reviews,7.6,Generally favorable reviews,79
Hot Wheels Unleashed,"Racing, Arcade, Automobile",Xbox Series X,Milestone S.r.l,Milestone S.r.l,Generally favorable reviews,7.8,Mixed or average reviews,72
Hell Let Loose,"Action, Shooter, First-Person, Tactical, Arcade",Xbox Series X,Black Matter,Team17,Generally favorable reviews,7.9,Generally favorable reviews,84
Super Monkey Ball: Banana Mania,"Miscellaneous, Compilation",Xbox Series X,Sega,Sega,Generally favorable reviews,7.8,Generally favorable reviews,77
Alan Wake Remastered,"Action Adventure, Survival",Xbox Series X,Remedy Entertainment,Epic Games,Generally favorable reviews,7.9,Generally favorable reviews,80
Lost Judgment,"Action Adventure, Open-World",Xbox Series X,Sega,Sega,Generally favorable reviews,8.0,Generally favorable reviews,80
Evil Genius 2: World Domination,"Strategy, Real-Time, General",Xbox Series X,Rebellion,Rebellion,Generally favorable reviews,8.0,Generally favorable reviews,79
Tails Of Iron,"Role-Playing, Action RPG",Xbox Series X,United Label,United Label,Generally favorable reviews,8.2,Generally favorable reviews,84
Marvel's Guardians of the Galaxy,"Role-Playing, Action RPG, Action Adventure, Linear",Xbox Series X,Eidos Montreal,Square Enix,Generally favorable reviews,8.3,Generally favorable reviews,84
Halo Infinite,"Action, Shooter, First-Person, Arcade",Xbox Series X,343 Industries,Xbox Game Studios,Generally favorable reviews,8.5,Generally favorable reviews,87
Ghostrunner,"Action, Adventure, General, Platformer, 3D",Xbox Series X,ONE MORE LEVEL,505 Games,Generally favorable reviews,8.5,No score yet,nan
Forza Horizon 5,"Racing, Simulation, Automobile",Xbox Series X,Playground Games,Xbox Game Studios,Generally favorable reviews,8.6,Universal acclaim,92
PUBG: NEW STATE,"Action, Shooter, Third-Person, Tactical",iOS,KRAFTON Inc.,KRAFTON Inc.,Mixed or average reviews,6.0,No score yet,nan
Pikmin Bloom,"Action, General",iOS,Niantic Tokyo Studio,Nintendo,Mixed or average reviews,6.7,Mixed or average reviews,64
The Elder Scrolls V: Skyrim Anniversary Edition,"Role-Playing, Western-Style",PlayStation 4,Bethesda Game Studios,Bethesda Softworks,Overwhelming dislike,0.9,No score yet,nan
eFootball 2022,"Sports, Team, Soccer, Sim",PlayStation 4,Konami,Konami,Overwhelming dislike,1.0,No score yet,nan
Battlefield 2042,"Action, Shooter, First-Person, Tactical",PlayStation 4,EA DICE,Electronic Arts,Overwhelming dislike,1.8,No score yet,nan
FIFA 22,"Sports, Team, Soccer, Sim",PlayStation 4,EA Canada,Electronic Arts,Generally unfavorable reviews,2.1,No score yet,nan
MechWarrior 5: Mercenaries,"Simulation, Vehicle, Combat",PlayStation 4,Piranha Games,Piranha Games,Generally unfavorable reviews,2.5,No score yet,nan
Diablo II: Resurrected,"Role-Playing, Action RPG",PlayStation 4,Blizzard Entertainment,Activision,Generally unfavorable reviews,2.7,No score yet,nan
Far Cry 6 - Vaas: Insanity,"Action Adventure, Open-World",PlayStation 4,Ubisoft Toronto,Ubisoft,Generally unfavorable reviews,2.8,No score yet,nan
NHL 22,"Sports, Team, Ice Hockey, Sim",PlayStation 4,Electronic Arts,Electronic Arts,Generally unfavorable reviews,3.0,No score yet,nan
First Class Trouble,"Action Adventure, Survival",PlayStation 4,Invisible Walls ApS,Versus Evil,Generally unfavorable reviews,3.0,No score yet,nan
Back 4 Blood,"Action, Action Adventure, Shooter, Survival, First-Person, Arcade",PlayStation 4,Turtle Rock Studios,Warner Bros. Games,Generally unfavorable reviews,3.2,No score yet,nan
Asterix & Obelix: Slap Them All!,"Action, Platformer, Beat-'Em-Up, 2D, 3D",PlayStation 4,Mr.  Nutz Studio,Microids,Generally unfavorable reviews,3.7,Mixed or average reviews,71
Far Cry 6,"Action Adventure, Open-World",PlayStation 4,Ubisoft Toronto,Ubisoft,Generally unfavorable reviews,4.0,No score yet,nan
Call of Duty: Vanguard,"Action, Shooter, First-Person, Tactical",PlayStation 4,Sledgehammer Games,Activision,Generally unfavorable reviews,4.3,No score yet,nan
Marsupilami: Hoobadventure,"Action, Platformer, 2D",PlayStation 4,Ocellus Studio,Microids,Generally unfavorable reviews,4.6,Mixed or average reviews,68
Disciples: Liberation,"Strategy, Turn-Based, General",PlayStation 4,Frima Studio,Kalypso,Generally unfavorable reviews,4.6,No score yet,nan
Solar Ash,"Action Adventure, General",PlayStation 4,Heart Machine,Annapurna Interactive,Mixed or average reviews,5.2,No score yet,nan
Chorus,"Simulation, Space, Combat",PlayStation 4,Fishlabs,Deep Silver,Mixed or average reviews,5.2,No score yet,nan
Jurassic World Evolution 2,"Strategy, Management, Business / Tycoon",PlayStation 4,Frontier Developments,Frontier Developments,Mixed or average reviews,5.4,No score yet,nan
Crysis 3 Remastered,"Action, Shooter, First-Person, Arcade",PlayStation 4,Crytek,Crytek,Mixed or average reviews,5.4,No score yet,nan
Life is Strange: True Colors - Wavelengths,"Action Adventure, General",PlayStation 4,Deck Nine Games,Square Enix,Mixed or average reviews,5.5,No score yet,nan
Riders Republic,"Sports, Individual, Other",PlayStation 4,Ubisoft,Ubisoft,Mixed or average reviews,5.5,No score yet,nan
The Good Life,"Role-Playing, General",PlayStation 4,White Owls,Playism,Mixed or average reviews,5.7,Mixed or average reviews,60
The Caligula Effect 2,"Role-Playing, General",PlayStation 4,historia Inc,NIS America,Mixed or average reviews,5.8,Mixed or average reviews,64
Neptunia x Senran Kagura: Ninja Wars,"Role-Playing, Action RPG",PlayStation 4,Tamsoft,Idea Factory,Mixed or average reviews,5.8,Mixed or average reviews,67
Insurgency: Sandstorm,"Strategy, General",PlayStation 4,New World Interactive,Focus Home Interactive,Mixed or average reviews,6.0,Generally favorable reviews,78
NASCAR 21: Ignition,"Racing, Simulation, Automobile",PlayStation 4,Motorsport Games,Motorsport Games,Mixed or average reviews,6.1,Mixed or average reviews,53
Ruined King: A League of Legends Story,"Role-Playing, General",PlayStation 4,Airship Syndicate Entertainment,Riot Forge,Mixed or average reviews,6.3,Generally favorable reviews,76
Unsighted,"Role-Playing, Action RPG",PlayStation 4,Studio Pixel Punk,Humble Games,Mixed or average reviews,6.3,No score yet,nan
Flynn: Son of Crimson,"Action, Platformer, 2D",PlayStation 4,Studio Thunderhorse,Humble Games,Mixed or average reviews,6.9,Generally favorable reviews,85
Xuan-Yuan Sword 7,"Role-Playing, Action RPG",PlayStation 4,SOFTSTAR Entertainment,EastAsiaSoft,Mixed or average reviews,7.0,Mixed or average reviews,71
A Short Hike,"Adventure, General",PlayStation 4,Whippoorwill Limited,Whippoorwill Limited,Mixed or average reviews,7.0,Generally favorable reviews,84
Fatal Frame: Maiden of Black Water,"Action Adventure, Survival",PlayStation 4,Koei Tecmo Games,Koei Tecmo Games,Mixed or average reviews,7.1,Mixed or average reviews,71
Insomnis,"Adventure, 3D, First-Person",PlayStation 4,Path Games,Gammera Nest,Mixed or average reviews,7.1,No score yet,nan
Phoenix Point: Behemoth Edition,"Strategy, Turn-Based, Tactics",PlayStation 4,Snapshot Games Inc.,Deep Silver,Mixed or average reviews,7.2,Mixed or average reviews,72
Outer Wilds: Echoes of the Eye,"Action Adventure, Open-World",PlayStation 4,"Mobius Digital, LLC",Annapurna Interactive,Mixed or average reviews,7.2,No score yet,nan
UnMetal,"Action Adventure, General",PlayStation 4,@unepic_fran,Versus Evil,Mixed or average reviews,7.2,No score yet,nan
The Dark Pictures Anthology: House of Ashes,"Action Adventure, Survival",PlayStation 4,Supermassive Games,Bandai Namco Games,Mixed or average reviews,7.3,Mixed or average reviews,74
Tails of Iron,"Role-Playing, Action RPG",PlayStation 4,Odd Bug Studio,CI Games,Mixed or average reviews,7.3,No score yet,nan
Super Monkey Ball: Banana Mania,"Miscellaneous, Compilation",PlayStation 4,Sega,Sega,Mixed or average reviews,7.3,Generally favorable reviews,78
Voice of Cards: The Isle Dragon Roars,"Strategy, Turn-Based, Card Battle",PlayStation 4,A-lim,Square Enix,Generally favorable reviews,7.6,Generally favorable reviews,75
Deltarune: Chapter 1 & 2,"Role-Playing, Japanese-Style",PlayStation 4,tobyfox,tobyfox,Generally favorable reviews,7.6,No score yet,nan
Lost Judgment,"Action Adventure, Open-World",PlayStation 4,Sega,Sega,Generally favorable reviews,7.6,Generally favorable reviews,83
Kena: Bridge of Spirits,"Action Adventure, General",PlayStation 4,Emberlab,Emberlab,Generally favorable reviews,7.7,Generally favorable reviews,78
The Binding of Isaac: Repentance,"Action, Shooter, Shoot-'Em-Up, Top-Down",PlayStation 4,Nicalis,Nicalis,Generally favorable reviews,7.8,No score yet,nan
Marvel's Guardians of the Galaxy,"Role-Playing, Action RPG, Action Adventure, Linear",PlayStation 4,Eidos Montreal,Square Enix,Generally favorable reviews,8.0,No score yet,nan
Alan Wake Remastered,"Action Adventure, Survival",PlayStation 4,Remedy Entertainment,Epic Games,Generally favorable reviews,8.3,No score yet,nan
BPM: Bullets Per Minute,"Action, Rhythm, Music",PlayStation 4,Awe Interactive,Playtonic Friends,Generally favorable reviews,8.5,Generally favorable reviews,80
Death's Door,"Action Adventure, General",PlayStation 4,Acid Nerve,Devolver Digital,Generally favorable reviews,8.5,No score yet,nan
My Friend Peppa Pig,"Adventure, General",PlayStation 4,PETOONS STUDIO SL,Outright Games,Generally favorable reviews,8.7,No score yet,nan
Final Fantasy XIV: Endwalker,"Role-Playing, Massively Multiplayer",PlayStation 4,Square Enix,Square Enix,Universal acclaim,9.6,No score yet,nan
